{"training_losses": [0.35595180717825714, 0.09729840885509144, 0.06207247296108791, 0.04641819700976937, 0.03824736325422804, 0.030944028761759734, 0.029258526656804427, 0.025349967024446987, 0.02315847353213057, 0.020581522285604097], "validation_losses": [0.122204268844172, 0.06699148030808612, 0.05083601264141831, 0.03615696651130048, 0.027874221753472934, 0.024344015727063902, 0.02821785640251291, 0.01892528977444059, 0.01667006582405434, 0.020611078976478087], "training_accuracies": [0.8715946348733234, 0.9653651266766021, 0.9783606557377049, 0.9847391952309985, 0.9869448584202682, 0.9890909090909091, 0.9893293591654247, 0.9900447093889717, 0.9919523099850969, 0.9920119225037258], "validation_accuracies": [0.9575584167858846, 0.9783023366714354, 0.980209823557463, 0.9897472579876013, 0.9935622317596566, 0.9928469241773963, 0.9883166428230806, 0.9940391034811635, 0.9966618979494516, 0.9914163090128756]}