{"training_losses": [0.21582942990362644, 0.05540902167931199, 0.03657853499848396, 0.030108428099639713, 0.02599245428917231, 0.023231833939326315, 0.02210731497392233, 0.022166169078394596, 0.0209502805041043, 0.02008045436550985], "validation_losses": [0.08054858483254909, 0.04117917652755976, 0.031068473818227648, 0.028760343530112878, 0.019712538418360053, 0.019506733707487584, 0.01616319003937766, 0.04952698230502079, 0.013760041184927976, 0.018653737971802694], "training_accuracies": [0.90857, 0.981125, 0.98789, 0.989115, 0.990505, 0.99125, 0.991285, 0.990825, 0.991285, 0.99143], "validation_accuracies": [0.96488, 0.98932, 0.99034, 0.9862, 0.9969, 0.9934, 0.995, 0.97596, 0.99736, 0.99088]}