{"train_losses": [0.39556380939483643, 0.1912026427555084, 0.1069413957247138, 0.08170454529985785, 0.06842635763429106, 0.06094957235374488, 0.05117788602839224, 0.04564296576674096, 0.04608860063209198, 0.04249057851565536], "val_losses": [0.33967658551216123, 0.13012048992753028, 0.09028797789342702, 0.07687839062899351, 0.06430414090499281, 0.059746328939367085, 0.05594399927653372, 0.04341578141644597, 0.04269071462701075, 0.03887281895183027], "train_accs": [0.787575, 0.91562, 0.95375, 0.96449, 0.969825, 0.97234, 0.9773, 0.97985, 0.979105, 0.981745], "val_accs": [0.82562, 0.94516, 0.95958, 0.965, 0.97116, 0.97412, 0.97472, 0.98144, 0.9804, 0.9838]}