{"train_losses": [0.17395934692189097, 0.03716783868316561, 0.02705548486921005, 0.025972687405841424, 0.024593737650136463, 0.022146754910666495, 0.022755987090105192, 0.022526223083152434, 0.0218686749093188, 0.021167332580098883], "val_losses": [0.046608930018544194, 0.023487784089967607, 0.02483916838573292, 0.022190718043697998, 0.026767647752277555, 0.03068195424972102, 0.015032675977088511, 0.04882255854717456, 0.01322143637935631, 0.017417718951199205], "train_accs": [0.923765, 0.984295, 0.98931, 0.989665, 0.990415, 0.99145, 0.99111, 0.990895, 0.9911, 0.991465], "val_accs": [0.98056, 0.99182, 0.98916, 0.99046, 0.9891, 0.98674, 0.99338, 0.98086, 0.9945, 0.99266]}